{"cameraMode":{"drawMode":0,"name":"Shaded","section":"Shading Mode"},"sceneLighting":false,"audioPlay":false,"sceneViewState":{"m_AlwaysRefresh":false,"showFog":true,"showSkybox":true,"showFlares":true,"showImageEffects":true,"showParticleSystems":true,"showVisualEffectGraphs":true,"m_FxEnabled":true},"in2DMode":false,"pivot":{"x":13.700614929199219,"y":-0.31151390075683596,"z":-1.8576970100402833},"rotation":{"x":0.2178994119167328,"y":0.5974382758140564,"z":-0.1730869859457016,"w":0.7520920038223267},"size":16.136661529541017,"orthographic":false}