{"cameraMode":{"drawMode":0,"name":"Shaded","section":"Shading Mode"},"sceneLighting":false,"audioPlay":false,"sceneViewState":{"m_AlwaysRefresh":false,"showFog":true,"showSkybox":true,"showFlares":true,"showImageEffects":true,"showParticleSystems":true,"showVisualEffectGraphs":true,"m_FxEnabled":true},"in2DMode":false,"pivot":{"x":0.28700006008148196,"y":0.2399997115135193,"z":0.16700005531311036},"rotation":{"x":0.12566664814949037,"y":0.0020852945744991304,"z":-0.00026411315775476396,"w":0.9920704364776611},"size":5.681738376617432,"orthographic":false}