{"cameraMode":{"drawMode":0,"name":"Shaded","section":"Shading Mode"},"sceneLighting":false,"audioPlay":false,"sceneViewState":{"m_AlwaysRefresh":false,"showFog":true,"showSkybox":true,"showFlares":true,"showImageEffects":true,"showParticleSystems":true,"showVisualEffectGraphs":true,"m_FxEnabled":true},"in2DMode":false,"pivot":{"x":-6.5110554695129398,"y":9.942352294921875,"z":-6.855737686157227},"rotation":{"x":0.12566664814949037,"y":0.0020852945744991304,"z":-0.00026411315775476396,"w":0.9920704364776611},"size":9.099211692810059,"orthographic":false}