{"cameraMode":{"drawMode":0,"name":"Shaded","section":"Shading Mode"},"sceneLighting":true,"audioPlay":false,"sceneViewState":{"m_AlwaysRefresh":false,"showFog":true,"showSkybox":true,"showFlares":true,"showImageEffects":true,"showParticleSystems":true,"showVisualEffectGraphs":true,"m_FxEnabled":true},"in2DMode":false,"pivot":{"x":0.7594648599624634,"y":6.946047782897949,"z":-5.945457458496094},"rotation":{"x":0.09118597954511643,"y":-0.06358759105205536,"z":0.005834596697241068,"w":0.993785560131073},"size":13.058160781860352,"orthographic":false}